"id","numero","torre","piso","fuente","fachadas","metros","sol 21 jun","sol 21 dic"
"201","B202","Basamento","2","calculado","interior de manzana","","",""
"202","B203","Basamento","2","calculado","interior de manzana","","",""
"203","B204","Basamento","2","calculado","interior de manzana","","",""
"204","B205","Basamento","2","calculado","Aquiles Lanza (oeste)","3.8","12:47-17:36","12:43-19:53"
"205","B206","Basamento","2","calculado","Aquiles Lanza (oeste)","4.0","12:47-17:36","12:43-19:53"
"206","B207","Basamento","2","calculado","Aquiles Lanza (oeste)","4.0","12:47-17:36","12:43-19:53"
"207","A201","Basamento","2","calculado","Soriano (sur) + Aquiles Lanza (oeste)","7.9 + 7.1","sin sol | 12:47-17:36","05:33-09:17 y 16:10-19:53 | 12:43-19:53"
"208","A202","Basamento","2","calculado","Soriano (sur)","5.7","sin sol","05:33-09:17 y 16:10-19:53"
"209","A203","Basamento","2","calculado","Soriano (sur)","6.1","sin sol","05:33-09:17 y 16:10-19:53"
"210","A204","Basamento","2","calculado","Soriano (sur)","6.1","sin sol","05:33-09:17 y 16:10-19:53"
"211","A205","Basamento","2","calculado","Soriano (sur)","5.7","sin sol","05:33-09:17 y 16:10-19:53"
"212","A206","Basamento","2","calculado","Soriano (sur) + Ejido (este)","9.2 + 8.7","sin sol | 07:57-12:47","05:33-09:17 y 16:10-19:53 | 05:33-12:43"
"213","A207","Basamento","2","calculado","Ejido (este)","4.0","07:57-12:47","05:33-12:43"
"214","B201","Basamento","2","calculado","San José (norte)","10.6","07:57-17:36","09:17-16:10"
"301","A301","A","3","calculado","interior de manzana","","",""
"302","A302","A","3","calculado","Ejido (este)","5.4","07:57-12:47","05:33-12:43"
"303","A303","A","3","calculado","Soriano (sur) + Ejido (este)","9.1 + 9.0","sin sol | 07:57-12:47","05:33-09:17 y 16:10-19:53 | 05:33-12:43"
"304","A304","A","3","calculado","Soriano (sur)","5.7","sin sol","05:33-09:17 y 16:10-19:53"
"305","A305","A","3","calculado","Soriano (sur)","6.1","sin sol","05:33-09:17 y 16:10-19:53"
"306","A306","A","3","calculado","Soriano (sur)","11.8","sin sol","05:33-09:17 y 16:10-19:53"
"401","A401","A","4","calculado","Aquiles Lanza (oeste)","5.4","12:47-17:36","12:43-19:53"
"402","A402","A","4","calculado","interior de manzana","","",""
"403","A403","A","4","calculado","interior de manzana","","",""
"404","A404","A","4","calculado","Ejido (este)","5.4","07:57-12:47","05:33-12:43"
"405","A405","A","4","calculado","Ejido (este) + Soriano (sur)","9.4 + 9.0","07:57-12:47 | sin sol","05:33-12:43 | 05:33-09:17 y 16:10-19:53"
"406","A406","A","4","calculado","Soriano (sur)","5.7","sin sol","05:33-09:17 y 16:10-19:53"
"407","A407","A","4","calculado","Soriano (sur)","6.1","sin sol","05:33-09:17 y 16:10-19:53"
"408","A408","A","4","calculado","Soriano (sur)","6.1","sin sol","05:33-09:17 y 16:10-19:53"
"409","A409","A","4","calculado","Soriano (sur)","5.7","sin sol","05:33-09:17 y 16:10-19:53"
"410","A410","A","4","calculado","Aquiles Lanza (oeste) + Soriano (sur)","9.4 + 9.0","12:47-17:36 | sin sol","12:43-19:53 | 05:33-09:17 y 16:10-19:53"
"501","A501","A","5","calculado","Aquiles Lanza (oeste)","5.4","12:47-17:36","12:43-19:53"
"502","A502","A","5","calculado","interior de manzana","","",""
"503","A503","A","5","calculado","interior de manzana","","",""
"504","A504","A","5","calculado","Ejido (este)","5.4","07:57-12:47","05:33-12:43"
"505","A505","A","5","calculado","Ejido (este) + Soriano (sur)","9.4 + 9.0","07:57-12:47 | sin sol","05:33-12:43 | 05:33-09:17 y 16:10-19:53"
"506","A506","A","5","calculado","Soriano (sur)","5.7","sin sol","05:33-09:17 y 16:10-19:53"
"507","A507","A","5","calculado","Soriano (sur)","6.1","sin sol","05:33-09:17 y 16:10-19:53"
"508","A508","A","5","calculado","Soriano (sur)","6.1","sin sol","05:33-09:17 y 16:10-19:53"
"509","A509","A","5","calculado","Soriano (sur)","5.7","sin sol","05:33-09:17 y 16:10-19:53"
"510","A510","A","5","calculado","Aquiles Lanza (oeste) + Soriano (sur)","9.4 + 9.0","12:47-17:36 | sin sol","12:43-19:53 | 05:33-09:17 y 16:10-19:53"
"601","A601","A","6","calculado","Aquiles Lanza (oeste)","5.4","12:47-17:36","12:43-19:53"
"602","A602","A","6","calculado","interior de manzana","","",""
"603","A603","A","6","calculado","interior de manzana","","",""
"604","A604","A","6","calculado","Ejido (este)","5.4","07:57-12:47","05:33-12:43"
"605","A605","A","6","calculado","Ejido (este) + Soriano (sur)","9.4 + 9.0","07:57-12:47 | sin sol","05:33-12:43 | 05:33-09:17 y 16:10-19:53"
"606","A606","A","6","calculado","Soriano (sur)","5.7","sin sol","05:33-09:17 y 16:10-19:53"
"607","A607","A","6","calculado","Soriano (sur)","6.1","sin sol","05:33-09:17 y 16:10-19:53"
"608","A608","A","6","calculado","Soriano (sur)","6.1","sin sol","05:33-09:17 y 16:10-19:53"
"609","A609","A","6","calculado","Soriano (sur)","5.7","sin sol","05:33-09:17 y 16:10-19:53"
"610","A610","A","6","calculado","Aquiles Lanza (oeste) + Soriano (sur)","9.4 + 9.0","12:47-17:36 | sin sol","12:43-19:53 | 05:33-09:17 y 16:10-19:53"
"701","A701","A","7","calculado","Aquiles Lanza (oeste)","5.4","12:47-17:36","12:43-19:53"
"702","A702","A","7","calculado","interior de manzana","","",""
"703","A703","A","7","calculado","interior de manzana","","",""
"704","A704","A","7","calculado","Ejido (este)","5.4","07:57-12:47","05:33-12:43"
"705","A705","A","7","calculado","Ejido (este) + Soriano (sur)","9.4 + 9.0","07:57-12:47 | sin sol","05:33-12:43 | 05:33-09:17 y 16:10-19:53"
"706","A706","A","7","calculado","Soriano (sur)","5.7","sin sol","05:33-09:17 y 16:10-19:53"
"707","A707","A","7","calculado","Soriano (sur)","6.1","sin sol","05:33-09:17 y 16:10-19:53"
"708","A708","A","7","calculado","Soriano (sur)","6.1","sin sol","05:33-09:17 y 16:10-19:53"
"709","A709","A","7","calculado","Soriano (sur)","5.7","sin sol","05:33-09:17 y 16:10-19:53"
"710","A710","A","7","calculado","Aquiles Lanza (oeste) + Soriano (sur)","9.4 + 9.0","12:47-17:36 | sin sol","12:43-19:53 | 05:33-09:17 y 16:10-19:53"
"801","A801","A","8","calculado","Aquiles Lanza (oeste)","5.4","12:47-17:36","12:43-19:53"
"802","A802","A","8","calculado","interior de manzana","","",""
"803","A803","A","8","calculado","interior de manzana","","",""
"804","A804","A","8","calculado","Ejido (este)","5.4","07:57-12:47","05:33-12:43"
"805","A805","A","8","calculado","Ejido (este) + Soriano (sur)","9.4 + 9.0","07:57-12:47 | sin sol","05:33-12:43 | 05:33-09:17 y 16:10-19:53"
"806","A806","A","8","calculado","Soriano (sur)","5.7","sin sol","05:33-09:17 y 16:10-19:53"
"807","A807","A","8","calculado","Soriano (sur)","6.1","sin sol","05:33-09:17 y 16:10-19:53"
"808","A808","A","8","calculado","Soriano (sur)","6.1","sin sol","05:33-09:17 y 16:10-19:53"
"809","A809","A","8","calculado","Soriano (sur)","5.7","sin sol","05:33-09:17 y 16:10-19:53"
"810","A810","A","8","calculado","Aquiles Lanza (oeste) + Soriano (sur)","9.4 + 9.0","12:47-17:36 | sin sol","12:43-19:53 | 05:33-09:17 y 16:10-19:53"
"901","A901","A","9","calculado","Aquiles Lanza (oeste)","5.4","12:47-17:36","12:43-19:53"
"902","A902","A","9","calculado","interior de manzana","","",""
"903","A903","A","9","calculado","interior de manzana","","",""
"904","A904","A","9","calculado","Ejido (este)","5.4","07:57-12:47","05:33-12:43"
"905","A905","A","9","calculado","Ejido (este) + Soriano (sur)","9.4 + 9.0","07:57-12:47 | sin sol","05:33-12:43 | 05:33-09:17 y 16:10-19:53"
"906","A906","A","9","calculado","Soriano (sur)","5.7","sin sol","05:33-09:17 y 16:10-19:53"
"907","A907","A","9","calculado","Soriano (sur)","6.1","sin sol","05:33-09:17 y 16:10-19:53"
"908","A908","A","9","calculado","Soriano (sur)","6.1","sin sol","05:33-09:17 y 16:10-19:53"
"909","A909","A","9","calculado","Soriano (sur)","5.7","sin sol","05:33-09:17 y 16:10-19:53"
"910","A910","A","9","calculado","Aquiles Lanza (oeste) + Soriano (sur)","9.4 + 9.0","12:47-17:36 | sin sol","12:43-19:53 | 05:33-09:17 y 16:10-19:53"
"1001","A1001","A","10","calculado","Aquiles Lanza (oeste)","5.4","12:47-17:36","12:43-19:53"
"1002","A1002","A","10","calculado","interior de manzana","","",""
"1003","A1003","A","10","calculado","interior de manzana","","",""
"1004","A1004","A","10","calculado","Ejido (este)","5.4","07:57-12:47","05:33-12:43"
"1005","A1005","A","10","calculado","Ejido (este) + Soriano (sur)","9.4 + 9.0","07:57-12:47 | sin sol","05:33-12:43 | 05:33-09:17 y 16:10-19:53"
"1006","A1006","A","10","calculado","Soriano (sur)","5.7","sin sol","05:33-09:17 y 16:10-19:53"
"1007","A1007","A","10","calculado","Soriano (sur)","6.1","sin sol","05:33-09:17 y 16:10-19:53"
"1008","A1008","A","10","calculado","Soriano (sur)","6.1","sin sol","05:33-09:17 y 16:10-19:53"
"1009","A1009","A","10","calculado","Soriano (sur)","5.7","sin sol","05:33-09:17 y 16:10-19:53"
"1010","A1010","A","10","calculado","Aquiles Lanza (oeste) + Soriano (sur)","9.4 + 9.0","12:47-17:36 | sin sol","12:43-19:53 | 05:33-09:17 y 16:10-19:53"
"1101","A1101","A","11","calculado","Aquiles Lanza (oeste)","5.4","12:47-17:36","12:43-19:53"
"1102","A1102","A","11","calculado","interior de manzana","","",""
"1103","A1103","A","11","calculado","interior de manzana","","",""
"1104","A1104","A","11","calculado","Ejido (este)","5.4","07:57-12:47","05:33-12:43"
"1105","A1105","A","11","calculado","Ejido (este) + Soriano (sur)","9.4 + 9.0","07:57-12:47 | sin sol","05:33-12:43 | 05:33-09:17 y 16:10-19:53"
"1106","A1106","A","11","calculado","Soriano (sur)","5.7","sin sol","05:33-09:17 y 16:10-19:53"
"1107","A1107","A","11","calculado","Soriano (sur)","6.1","sin sol","05:33-09:17 y 16:10-19:53"
"1108","A1108","A","11","calculado","Soriano (sur)","6.1","sin sol","05:33-09:17 y 16:10-19:53"
"1109","A1109","A","11","calculado","Soriano (sur)","5.7","sin sol","05:33-09:17 y 16:10-19:53"
"1110","A1110","A","11","calculado","Aquiles Lanza (oeste) + Soriano (sur)","9.4 + 9.0","12:47-17:36 | sin sol","12:43-19:53 | 05:33-09:17 y 16:10-19:53"
"1201","A1201","A","12","calculado","Aquiles Lanza (oeste)","5.4","12:47-17:36","12:43-19:53"
"1202","A1202","A","12","calculado","interior de manzana","","",""
"1203","A1203","A","12","calculado","interior de manzana","","",""
"1204","A1204","A","12","calculado","Ejido (este)","5.4","07:57-12:47","05:33-12:43"
"1205","A1205","A","12","calculado","Ejido (este) + Soriano (sur)","9.4 + 9.0","07:57-12:47 | sin sol","05:33-12:43 | 05:33-09:17 y 16:10-19:53"
"1206","A1206","A","12","calculado","Soriano (sur)","5.7","sin sol","05:33-09:17 y 16:10-19:53"
"1207","A1207","A","12","calculado","Soriano (sur)","6.1","sin sol","05:33-09:17 y 16:10-19:53"
"1208","A1208","A","12","calculado","Soriano (sur)","6.1","sin sol","05:33-09:17 y 16:10-19:53"
"1209","A1209","A","12","calculado","Soriano (sur)","5.7","sin sol","05:33-09:17 y 16:10-19:53"
"1210","A1210","A","12","calculado","Aquiles Lanza (oeste) + Soriano (sur)","9.4 + 9.0","12:47-17:36 | sin sol","12:43-19:53 | 05:33-09:17 y 16:10-19:53"
"1301","A1301","A","13","calculado","Aquiles Lanza (oeste)","5.4","12:47-17:36","12:43-19:53"
"1302","A1302","A","13","calculado","interior de manzana","","",""
"1303","A1303","A","13","calculado","interior de manzana","","",""
"1304","A1304","A","13","calculado","Ejido (este)","5.4","07:57-12:47","05:33-12:43"
"1305","A1305","A","13","calculado","Ejido (este) + Soriano (sur)","9.4 + 9.0","07:57-12:47 | sin sol","05:33-12:43 | 05:33-09:17 y 16:10-19:53"
"1306","A1306","A","13","calculado","Soriano (sur)","5.7","sin sol","05:33-09:17 y 16:10-19:53"
"1307","A1307","A","13","calculado","Soriano (sur)","6.1","sin sol","05:33-09:17 y 16:10-19:53"
"1308","A1308","A","13","calculado","Soriano (sur)","6.1","sin sol","05:33-09:17 y 16:10-19:53"
"1309","A1309","A","13","calculado","Soriano (sur)","5.7","sin sol","05:33-09:17 y 16:10-19:53"
"1310","A1310","A","13","calculado","Aquiles Lanza (oeste) + Soriano (sur)","9.4 + 9.0","12:47-17:36 | sin sol","12:43-19:53 | 05:33-09:17 y 16:10-19:53"
"10301","B301","B","3","calculado","San José (norte)","6.2","07:57-17:36","09:17-16:10"
"10302","B302","B","3","calculado","San José (norte)","8.9","07:57-17:36","09:17-16:10"
"10303","B303","B","3","calculado","San José (norte)","10.9","07:57-17:36","09:17-16:10"
"10304","B304","B","3","calculado","interior de manzana","","",""
"10401","B401","B","4","calculado","San José (norte)","6.3","07:57-17:36","09:17-16:10"
"10402","B402","B","4","calculado","San José (norte)","8.8","07:57-17:36","09:17-16:10"
"10403","B403","B","4","calculado","San José (norte)","10.9","07:57-17:36","09:17-16:10"
"10404","B404","B","4","calculado","interior de manzana","","",""
"10405","B405","B","4","calculado","interior de manzana","","",""
"10406","B406","B","4","calculado","interior de manzana","","",""
"10501","B501","B","5","calculado","San José (norte)","6.3","07:57-17:36","09:17-16:10"
"10502","B502","B","5","calculado","San José (norte)","8.8","07:57-17:36","09:17-16:10"
"10503","B503","B","5","calculado","San José (norte)","10.9","07:57-17:36","09:17-16:10"
"10504","B504","B","5","calculado","interior de manzana","","",""
"10505","B505","B","5","calculado","interior de manzana","","",""
"10506","B506","B","5","calculado","interior de manzana","","",""
"10601","B601","B","6","calculado","San José (norte)","6.3","07:57-17:36","09:17-16:10"
"10602","B602","B","6","calculado","San José (norte)","8.8","07:57-17:36","09:17-16:10"
"10603","B603","B","6","calculado","San José (norte)","10.9","07:57-17:36","09:17-16:10"
"10604","B604","B","6","calculado","interior de manzana","","",""
"10605","B605","B","6","calculado","interior de manzana","","",""
"10606","B606","B","6","calculado","interior de manzana","","",""
"10701","B701","B","7","calculado","San José (norte)","6.3","07:57-17:36","09:17-16:10"
"10702","B702","B","7","calculado","San José (norte)","8.8","07:57-17:36","09:17-16:10"
"10703","B703","B","7","calculado","San José (norte)","10.9","07:57-17:36","09:17-16:10"
"10704","B704","B","7","calculado","interior de manzana","","",""
"10705","B705","B","7","calculado","interior de manzana","","",""
"10706","B706","B","7","calculado","interior de manzana","","",""
"10801","B801","B","8","calculado","San José (norte)","6.3","07:57-17:36","09:17-16:10"
"10802","B802","B","8","calculado","San José (norte)","8.8","07:57-17:36","09:17-16:10"
"10803","B803","B","8","calculado","San José (norte)","10.9","07:57-17:36","09:17-16:10"
"10804","B804","B","8","calculado","interior de manzana","","",""
"10805","B805","B","8","calculado","interior de manzana","","",""
"10806","B806","B","8","calculado","interior de manzana","","",""
"10901","B901","B","9","calculado","San José (norte)","6.3","07:57-17:36","09:17-16:10"
"10902","B902","B","9","calculado","San José (norte)","8.8","07:57-17:36","09:17-16:10"
"10903","B903","B","9","calculado","San José (norte)","10.9","07:57-17:36","09:17-16:10"
"10904","B904","B","9","calculado","interior de manzana","","",""
"10905","B905","B","9","calculado","interior de manzana","","",""
"10906","B906","B","9","calculado","interior de manzana","","",""
"11001","B1001","B","10","calculado","San José (norte)","6.3","07:57-17:36","09:17-16:10"
"11002","B1002","B","10","calculado","San José (norte)","8.8","07:57-17:36","09:17-16:10"
"11003","B1003","B","10","calculado","San José (norte)","10.9","07:57-17:36","09:17-16:10"
"11004","B1004","B","10","calculado","interior de manzana","","",""
"11005","B1005","B","10","calculado","interior de manzana","","",""
"11006","B1006","B","10","calculado","interior de manzana","","",""
"11101","B1101","B","11","calculado","San José (norte)","6.3","07:57-17:36","09:17-16:10"
"11102","B1102","B","11","calculado","San José (norte)","8.8","07:57-17:36","09:17-16:10"
"11103","B1103","B","11","calculado","San José (norte)","10.9","07:57-17:36","09:17-16:10"
"11104","B1104","B","11","calculado","interior de manzana","","",""
"11105","B1105","B","11","calculado","interior de manzana","","",""
"11106","B1106","B","11","calculado","interior de manzana","","",""